Registrar,Enrolment Agency,State,District,Sub District,Pin Code,Gender,Age,Aadhaar generated,Enrolment Rejected,Residents providing email,Residents providing mobile number
Allahabad Bank,A-Onerealtors Pvt Ltd,Uttar Pradesh,Allahabad,Meja,212303,F,7,1,0,0,1
Allahabad Bank,Asha Security Guard Services,Uttar Pradesh,Sonbhadra,Robertsganj,231213,M,8,1,0,0,0
Allahabad Bank,SGS INDIA PVT LTD,Uttar Pradesh,Sultanpur,Sultanpur,227812,F,13,1,0,0,1
Allahabad Bank,Sri Ramraja Sarkar Lok Kalyan Trust,Uttar Pradesh,Shamli,Shamli,247775,M,6,1,0,0,1
Allahabad Bank,Transmoovers India,Uttar Pradesh,Gorakhpur,Sahjanwa,273001,M,8,1,0,0,1
Allahabad Bank,Transmoovers India,Uttar Pradesh,Varanasi,Pindra,221101,M,14,1,0,0,1
Allahabad Bank,Transmoovers India,Uttar Pradesh,Varanasi,Varanasi,221001,M,9,1,0,0,1
Allahabad Bank,Transmoovers India,Uttar Pradesh,Varanasi,Varanasi,221002,M,4,1,0,0,1
Allahabad Bank,Transmoovers India,Uttar Pradesh,Varanasi,Varanasi,221002,M,10,0,1,0,1
Allahabad Bank,Transmoovers India,Uttar Pradesh,Varanasi,Varanasi,221002,M,19,1,0,0,1
Allahabad Bank,Vedavaag Systems Limited,Uttar Pradesh,Bara Banki,Nawabganj,225301,M,8,1,0,0,0
Atalji Janasnehi Directorate  Government of Karnataka,Atalji Janasnehi Directorate  GOK,Assam,Marigaon,Bhuragaon,782121,M,22,1,0,0,1
Atalji Janasnehi Directorate  Government of Karnataka,Atalji Janasnehi Directorate  GOK,Bihar,Gopalganj,Vijayeepur,841508,M,26,1,0,0,1
Atalji Janasnehi Directorate  Government of Karnataka,Atalji Janasnehi Directorate  GOK,Karnataka,Bagalkot,Badami,587114,M,27,1,0,0,1
Atalji Janasnehi Directorate  Government of Karnataka,Atalji Janasnehi Directorate  GOK,Karnataka,Bagalkot,Badami,587155,F,2,1,0,0,1
Atalji Janasnehi Directorate  Government of Karnataka,Atalji Janasnehi Directorate  GOK,Karnataka,Bagalkot,Badami,587155,M,67,1,0,0,1
Atalji Janasnehi Directorate  Government of Karnataka,Atalji Janasnehi Directorate  GOK,Karnataka,Bagalkot,Badami,587201,F,32,1,0,0,1
Atalji Janasnehi Directorate  Government of Karnataka,Atalji Janasnehi Directorate  GOK,Karnataka,Bagalkot,Badami,587203,M,27,1,0,0,1
Atalji Janasnehi Directorate  Government of Karnataka,Atalji Janasnehi Directorate  GOK,Karnataka,Bagalkot,Badami,587206,F,40,1,0,0,0
Atalji Janasnehi Directorate  Government of Karnataka,Atalji Janasnehi Directorate  GOK,Karnataka,Bagalkot,Badami,587206,M,28,1,0,0,1
Atalji Janasnehi Directorate  Government of Karnataka,Atalji Janasnehi Directorate  GOK,Karnataka,Bagalkot,Badami,587206,M,44,1,0,0,1
Atalji Janasnehi Directorate  Government of Karnataka,Atalji Janasnehi Directorate  GOK,Karnataka,Bagalkot,Bagalkot,587102,M,56,0,1,0,1
Atalji Janasnehi Directorate  Government of Karnataka,Atalji Janasnehi Directorate  GOK,Karnataka,Bagalkot,Bagalkot,587207,M,6,1,0,0,1
Atalji Janasnehi Directorate  Government of Karnataka,Atalji Janasnehi Directorate  GOK,Karnataka,Bagalkot,Bagalkot,587207,M,73,0,1,0,1
Atalji Janasnehi Directorate  Government of Karnataka,Atalji Janasnehi Directorate  GOK,Karnataka,Bagalkot,Hungund,587118,F,6,1,0,0,1
Atalji Janasnehi Directorate  Government of Karnataka,Atalji Janasnehi Directorate  GOK,Karnataka,Bagalkot,Hungund,587118,F,36,1,0,0,1
Atalji Janasnehi Directorate  Government of Karnataka,Atalji Janasnehi Directorate  GOK,Karnataka,Bagalkot,Hungund,587124,F,74,1,0,0,1
Atalji Janasnehi Directorate  Government of Karnataka,Atalji Janasnehi Directorate  GOK,Karnataka,Bagalkot,Hungund,587124,M,33,1,0,0,1
Atalji Janasnehi Directorate  Government of Karnataka,Atalji Janasnehi Directorate  GOK,Karnataka,Bagalkot,Hungund,587125,F,6,1,0,0,1
Atalji Janasnehi Directorate  Government of Karnataka,Atalji Janasnehi Directorate  GOK,Karnataka,Bagalkot,Hungund,587125,F,22,1,0,0,0
Atalji Janasnehi Directorate  Government of Karnataka,Atalji Janasnehi Directorate  GOK,Karnataka,Bagalkot,Hungund,587125,F,65,1,0,0,1
Atalji Janasnehi Directorate  Government of Karnataka,Atalji Janasnehi Directorate  GOK,Karnataka,Bagalkot,Hungund,587125,M,1,1,0,0,1
Atalji Janasnehi Directorate  Government of Karnataka,Atalji Janasnehi Directorate  GOK,Karnataka,Bagalkot,Hungund,587125,M,3,1,0,0,1
Atalji Janasnehi Directorate  Government of Karnataka,Atalji Janasnehi Directorate  GOK,Karnataka,Bagalkot,Hungund,587125,M,27,1,0,0,1
Atalji Janasnehi Directorate  Government of Karnataka,Atalji Janasnehi Directorate  GOK,Karnataka,Bagalkot,Hungund,587154,M,1,1,0,0,1
Atalji Janasnehi Directorate  Government of Karnataka,Atalji Janasnehi Directorate  GOK,Karnataka,Bagalkot,Hungund,587202,F,46,1,0,0,1
Atalji Janasnehi Directorate  Government of Karnataka,Atalji Janasnehi Directorate  GOK,Karnataka,Bagalkot,Jamakhandi,586125,F,45,0,1,0,1
Atalji Janasnehi Directorate  Government of Karnataka,Atalji Janasnehi Directorate  GOK,Karnataka,Bagalkot,Jamakhandi,587314,F,65,0,1,0,1
Atalji Janasnehi Directorate  Government of Karnataka,Atalji Janasnehi Directorate  GOK,Karnataka,Bagalkot,Jamakhandi,587315,F,4,0,1,0,1
Atalji Janasnehi Directorate  Government of Karnataka,Atalji Janasnehi Directorate  GOK,Karnataka,Bagalkot,Jamakhandi,587315,F,66,1,0,0,1
Atalji Janasnehi Directorate  Government of Karnataka,Atalji Janasnehi Directorate  GOK,Karnataka,Bagalkot,Jamakhandi,587315,M,38,0,1,0,1
Atalji Janasnehi Directorate  Government of Karnataka,Atalji Janasnehi Directorate  GOK,Karnataka,Bagalkot,Mudhol,587122,M,17,0,1,0,1
Atalji Janasnehi Directorate  Government of Karnataka,Atalji Janasnehi Directorate  GOK,Karnataka,Bagalkot,Mudhol,587313,F,38,1,0,0,1
Atalji Janasnehi Directorate  Government of Karnataka,Atalji Janasnehi Directorate  GOK,Karnataka,Bagalkot,Mudhol,587313,M,21,1,0,0,1
Atalji Janasnehi Directorate  Government of Karnataka,Atalji Janasnehi Directorate  GOK,Karnataka,Bagalkot,Mudhol,587313,M,49,0,1,0,1
Atalji Janasnehi Directorate  Government of Karnataka,Atalji Janasnehi Directorate  GOK,Karnataka,Ballari,Hadagali,583214,F,24,1,0,0,0
Atalji Janasnehi Directorate  Government of Karnataka,Atalji Janasnehi Directorate  GOK,Karnataka,Ballari,Hadagali,583216,M,4,1,0,0,1
Atalji Janasnehi Directorate  Government of Karnataka,Atalji Janasnehi Directorate  GOK,Karnataka,Ballari,Hadagali,583219,F,0,1,0,0,1
Atalji Janasnehi Directorate  Government of Karnataka,Atalji Janasnehi Directorate  GOK,Karnataka,Ballari,Hadagali,583219,F,4,1,0,0,1
Atalji Janasnehi Directorate  Government of Karnataka,Atalji Janasnehi Directorate  GOK,Karnataka,Ballari,Hadagali,583219,F,5,1,0,0,1
Atalji Janasnehi Directorate  Government of Karnataka,Atalji Janasnehi Directorate  GOK,Karnataka,Ballari,Hadagali,583219,F,70,1,0,0,0
Atalji Janasnehi Directorate  Government of Karnataka,Atalji Janasnehi Directorate  GOK,Karnataka,Ballari,Hadagali,583219,F,73,1,0,0,1
Atalji Janasnehi Directorate  Government of Karnataka,Atalji Janasnehi Directorate  GOK,Karnataka,Ballari,Hadagali,583219,M,2,0,1,0,1
Atalji Janasnehi Directorate  Government of Karnataka,Atalji Janasnehi Directorate  GOK,Karnataka,Ballari,Hadagali,583219,M,7,1,0,0,1
Atalji Janasnehi Directorate  Government of Karnataka,Atalji Janasnehi Directorate  GOK,Karnataka,Ballari,Hadagali,583220,M,3,1,0,0,1
Atalji Janasnehi Directorate  Government of Karnataka,Atalji Janasnehi Directorate  GOK,Karnataka,Ballari,Hagaribommanahalli,583102,M,66,1,0,0,1
Atalji Janasnehi Directorate  Government of Karnataka,Atalji Janasnehi Directorate  GOK,Karnataka,Ballari,Hagaribommanahalli,583214,F,45,0,1,0,1
Atalji Janasnehi Directorate  Government of Karnataka,Atalji Janasnehi Directorate  GOK,Karnataka,Ballari,Hospet,583132,M,25,1,0,0,1
Atalji Janasnehi Directorate  Government of Karnataka,Atalji Janasnehi Directorate  GOK,Karnataka,Ballari,Hospet,583201,F,2,1,0,0,1
Atalji Janasnehi Directorate  Government of Karnataka,Atalji Janasnehi Directorate  GOK,Karnataka,Ballari,Hospet,583201,F,4,1,0,0,1
Atalji Janasnehi Directorate  Government of Karnataka,Atalji Janasnehi Directorate  GOK,Karnataka,Ballari,Hospet,583201,F,32,1,0,0,1
Atalji Janasnehi Directorate  Government of Karnataka,Atalji Janasnehi Directorate  GOK,Karnataka,Ballari,Hospet,583201,F,70,1,0,0,1
Atalji Janasnehi Directorate  Government of Karnataka,Atalji Janasnehi Directorate  GOK,Karnataka,Ballari,Hospet,583221,F,60,1,0,0,1
Atalji Janasnehi Directorate  Government of Karnataka,Atalji Janasnehi Directorate  GOK,Karnataka,Ballari,Hospet,583223,F,3,1,0,0,1
Atalji Janasnehi Directorate  Government of Karnataka,Atalji Janasnehi Directorate  GOK,Karnataka,Ballari,Hospet,583223,F,6,1,0,0,1
Atalji Janasnehi Directorate  Government of Karnataka,Atalji Janasnehi Directorate  GOK,Karnataka,Ballari,Hospet,583239,F,2,1,0,1,1
Atalji Janasnehi Directorate  Government of Karnataka,Atalji Janasnehi Directorate  GOK,Karnataka,Ballari,Kudligi,583126,F,1,1,0,0,1
Atalji Janasnehi Directorate  Government of Karnataka,Atalji Janasnehi Directorate  GOK,Karnataka,Ballari,Kudligi,583126,F,24,1,0,0,1
Atalji Janasnehi Directorate  Government of Karnataka,Atalji Janasnehi Directorate  GOK,Karnataka,Ballari,Kudligi,583126,F,27,1,0,0,1
Atalji Janasnehi Directorate  Government of Karnataka,Atalji Janasnehi Directorate  GOK,Karnataka,Ballari,Kudligi,583126,M,19,1,0,0,1
Atalji Janasnehi Directorate  Government of Karnataka,Atalji Janasnehi Directorate  GOK,Karnataka,Ballari,Kudligi,583126,M,31,1,0,0,1
Atalji Janasnehi Directorate  Government of Karnataka,Atalji Janasnehi Directorate  GOK,Karnataka,Ballari,Kudligi,583126,M,59,1,0,0,1
Atalji Janasnehi Directorate  Government of Karnataka,Atalji Janasnehi Directorate  GOK,Karnataka,Ballari,Kudligi,583130,M,21,1,0,0,1
Atalji Janasnehi Directorate  Government of Karnataka,Atalji Janasnehi Directorate  GOK,Karnataka,Ballari,Kudligi,583135,M,25,1,0,0,1
Atalji Janasnehi Directorate  Government of Karnataka,Atalji Janasnehi Directorate  GOK,Karnataka,Ballari,Siruguppa,583114,F,0,0,1,0,1
Atalji Janasnehi Directorate  Government of Karnataka,Atalji Janasnehi Directorate  GOK,Karnataka,Ballari,Siruguppa,583120,F,65,0,1,0,0
Atalji Janasnehi Directorate  Government of Karnataka,Atalji Janasnehi Directorate  GOK,Karnataka,Ballari,Siruguppa,583120,M,7,1,0,0,0
Atalji Janasnehi Directorate  Government of Karnataka,Atalji Janasnehi Directorate  GOK,Karnataka,Ballari,Siruguppa,583120,M,65,0,1,0,0
Atalji Janasnehi Directorate  Government of Karnataka,Atalji Janasnehi Directorate  GOK,Karnataka,Ballari,Siruguppa,583120,M,70,0,1,0,1
Atalji Janasnehi Directorate  Government of Karnataka,Atalji Janasnehi Directorate  GOK,Karnataka,Bangalore Rural,Devanahalli,562110,F,2,1,0,1,1
Atalji Janasnehi Directorate  Government of Karnataka,Atalji Janasnehi Directorate  GOK,Karnataka,Bangalore Rural,Devanahalli,562135,F,5,1,0,0,1
Atalji Janasnehi Directorate  Government of Karnataka,Atalji Janasnehi Directorate  GOK,Karnataka,Bangalore Rural,Dod Ballapur,561203,F,1,0,1,0,1
Atalji Janasnehi Directorate  Government of Karnataka,Atalji Janasnehi Directorate  GOK,Karnataka,Bangalore Rural,Dod Ballapur,561203,F,3,1,1,0,2
Atalji Janasnehi Directorate  Government of Karnataka,Atalji Janasnehi Directorate  GOK,Karnataka,Bangalore Rural,Dod Ballapur,561203,F,5,1,0,0,1
Atalji Janasnehi Directorate  Government of Karnataka,Atalji Janasnehi Directorate  GOK,Karnataka,Bangalore Rural,Dod Ballapur,561203,F,41,1,0,0,1
Atalji Janasnehi Directorate  Government of Karnataka,Atalji Janasnehi Directorate  GOK,Karnataka,Bangalore Rural,Dod Ballapur,561203,M,19,1,0,0,1
Atalji Janasnehi Directorate  Government of Karnataka,Atalji Janasnehi Directorate  GOK,Karnataka,Bangalore Rural,Dod Ballapur,561203,M,47,1,0,0,1
Atalji Janasnehi Directorate  Government of Karnataka,Atalji Janasnehi Directorate  GOK,Karnataka,Bangalore Rural,Dod Ballapur,561204,F,54,1,0,0,1
Atalji Janasnehi Directorate  Government of Karnataka,Atalji Janasnehi Directorate  GOK,Karnataka,Bangalore Rural,Dod Ballapur,561204,F,66,1,0,0,1
Atalji Janasnehi Directorate  Government of Karnataka,Atalji Janasnehi Directorate  GOK,Karnataka,Bangalore Rural,Dod Ballapur,561204,F,76,1,0,0,1
Atalji Janasnehi Directorate  Government of Karnataka,Atalji Janasnehi Directorate  GOK,Karnataka,Belagavi,Athani,591212,F,1,1,0,0,1
Atalji Janasnehi Directorate  Government of Karnataka,Atalji Janasnehi Directorate  GOK,Karnataka,Belagavi,Athani,591212,F,2,1,0,0,1
Atalji Janasnehi Directorate  Government of Karnataka,Atalji Janasnehi Directorate  GOK,Karnataka,Belagavi,Athani,591212,F,3,2,0,0,2
Atalji Janasnehi Directorate  Government of Karnataka,Atalji Janasnehi Directorate  GOK,Karnataka,Belagavi,Athani,591212,F,18,1,0,0,1
Atalji Janasnehi Directorate  Government of Karnataka,Atalji Janasnehi Directorate  GOK,Karnataka,Belagavi,Athani,591212,M,1,0,1,0,0
Atalji Janasnehi Directorate  Government of Karnataka,Atalji Janasnehi Directorate  GOK,Karnataka,Belagavi,Athani,591220,F,75,1,0,0,1
Atalji Janasnehi Directorate  Government of Karnataka,Atalji Janasnehi Directorate  GOK,Karnataka,Belagavi,Athani,591232,F,18,1,0,0,1
Atalji Janasnehi Directorate  Government of Karnataka,Atalji Janasnehi Directorate  GOK,Karnataka,Belagavi,Athani,591240,F,1,1,0,0,1
Atalji Janasnehi Directorate  Government of Karnataka,Atalji Janasnehi Directorate  GOK,Karnataka,Belagavi,Athani,591265,F,1,0,1,0,1
Atalji Janasnehi Directorate  Government of Karnataka,Atalji Janasnehi Directorate  GOK,Karnataka,Belagavi,Athani,591265,F,3,0,1,0,1
Atalji Janasnehi Directorate  Government of Karnataka,Atalji Janasnehi Directorate  GOK,Karnataka,Belagavi,Athani,591265,F,49,1,0,0,1
Atalji Janasnehi Directorate  Government of Karnataka,Atalji Janasnehi Directorate  GOK,Karnataka,Belagavi,Athani,591265,M,4,1,0,0,1
Atalji Janasnehi Directorate  Government of Karnataka,Atalji Janasnehi Directorate  GOK,Karnataka,Belagavi,Athani,591304,F,2,1,0,0,1
Atalji Janasnehi Directorate  Government of Karnataka,Atalji Janasnehi Directorate  GOK,Karnataka,Belagavi,Athani,591304,F,18,1,0,0,1
Atalji Janasnehi Directorate  Government of Karnataka,Atalji Janasnehi Directorate  GOK,Karnataka,Belagavi,Athani,591304,F,22,1,0,0,1
Atalji Janasnehi Directorate  Government of Karnataka,Atalji Janasnehi Directorate  GOK,Karnataka,Belagavi,Athani,591304,F,43,1,0,0,1
Atalji Janasnehi Directorate  Government of Karnataka,Atalji Janasnehi Directorate  GOK,Karnataka,Belagavi,Athani,591304,M,32,1,0,0,1
Atalji Janasnehi Directorate  Government of Karnataka,Atalji Janasnehi Directorate  GOK,Karnataka,Belagavi,Athani,591304,M,48,1,0,0,1
Atalji Janasnehi Directorate  Government of Karnataka,Atalji Janasnehi Directorate  GOK,Karnataka,Belagavi,Athani,591316,F,0,1,0,0,1
Atalji Janasnehi Directorate  Government of Karnataka,Atalji Janasnehi Directorate  GOK,Karnataka,Belagavi,Athani,591316,F,2,1,0,0,1
Atalji Janasnehi Directorate  Government of Karnataka,Atalji Janasnehi Directorate  GOK,Karnataka,Belagavi,Athani,591316,F,3,1,0,0,1
Atalji Janasnehi Directorate  Government of Karnataka,Atalji Janasnehi Directorate  GOK,Karnataka,Belagavi,Athani,591316,F,31,1,0,0,1
Atalji Janasnehi Directorate  Government of Karnataka,Atalji Janasnehi Directorate  GOK,Karnataka,Belagavi,Athani,591316,F,46,1,0,0,1
Atalji Janasnehi Directorate  Government of Karnataka,Atalji Janasnehi Directorate  GOK,Karnataka,Belagavi,Athani,591316,F,61,1,0,0,1
Atalji Janasnehi Directorate  Government of Karnataka,Atalji Janasnehi Directorate  GOK,Karnataka,Belagavi,Chikodi,591214,M,3,1,0,0,1
Atalji Janasnehi Directorate  Government of Karnataka,Atalji Janasnehi Directorate  GOK,Karnataka,Belagavi,Chikodi,591222,F,0,0,1,0,1
Atalji Janasnehi Directorate  Government of Karnataka,Atalji Janasnehi Directorate  GOK,Karnataka,Belagavi,Chikodi,591222,F,5,1,0,0,1
Atalji Janasnehi Directorate  Government of Karnataka,Atalji Janasnehi Directorate  GOK,Karnataka,Belagavi,Chikodi,591222,F,6,1,0,0,1
Atalji Janasnehi Directorate  Government of Karnataka,Atalji Janasnehi Directorate  GOK,Karnataka,Belagavi,Chikodi,591222,F,14,0,1,0,1
Atalji Janasnehi Directorate  Government of Karnataka,Atalji Janasnehi Directorate  GOK,Karnataka,Belagavi,Chikodi,591222,F,18,1,0,0,1
Atalji Janasnehi Directorate  Government of Karnataka,Atalji Janasnehi Directorate  GOK,Karnataka,Belagavi,Chikodi,591222,F,20,1,0,0,1
Atalji Janasnehi Directorate  Government of Karnataka,Atalji Janasnehi Directorate  GOK,Karnataka,Belagavi,Chikodi,591222,F,22,1,0,0,1
Atalji Janasnehi Directorate  Government of Karnataka,Atalji Janasnehi Directorate  GOK,Karnataka,Belagavi,Chikodi,591222,F,35,1,0,0,1
Atalji Janasnehi Directorate  Government of Karnataka,Atalji Janasnehi Directorate  GOK,Karnataka,Belagavi,Chikodi,591222,M,8,1,0,0,1
Atalji Janasnehi Directorate  Government of Karnataka,Atalji Janasnehi Directorate  GOK,Karnataka,Belagavi,Chikodi,591222,M,45,0,1,0,1
Atalji Janasnehi Directorate  Government of Karnataka,Atalji Janasnehi Directorate  GOK,Karnataka,Belagavi,Chikodi,591229,F,5,1,0,0,1
Atalji Janasnehi Directorate  Government of Karnataka,Atalji Janasnehi Directorate  GOK,Karnataka,Belagavi,Chikodi,591229,F,32,1,0,0,1
Atalji Janasnehi Directorate  Government of Karnataka,Atalji Janasnehi Directorate  GOK,Karnataka,Belagavi,Chikodi,591229,F,33,1,0,0,1
Atalji Janasnehi Directorate  Government of Karnataka,Atalji Janasnehi Directorate  GOK,Karnataka,Belagavi,Chikodi,591229,F,49,1,0,0,1
Atalji Janasnehi Directorate  Government of Karnataka,Atalji Janasnehi Directorate  GOK,Karnataka,Belagavi,Chikodi,591229,M,1,1,0,0,0
Atalji Janasnehi Directorate  Government of Karnataka,Atalji Janasnehi Directorate  GOK,Karnataka,Belagavi,Chikodi,591229,M,21,1,0,0,1
Atalji Janasnehi Directorate  Government of Karnataka,Atalji Janasnehi Directorate  GOK,Karnataka,Belagavi,Chikodi,591229,M,23,1,0,0,1
Atalji Janasnehi Directorate  Government of Karnataka,Atalji Janasnehi Directorate  GOK,Karnataka,Belagavi,Chikodi,591229,M,40,1,0,0,1
Atalji Janasnehi Directorate  Government of Karnataka,Atalji Janasnehi Directorate  GOK,Karnataka,Belagavi,Chikodi,591237,F,6,1,0,0,1
Atalji Janasnehi Directorate  Government of Karnataka,Atalji Janasnehi Directorate  GOK,Karnataka,Belagavi,Chikodi,591237,F,73,1,0,0,1
Atalji Janasnehi Directorate  Government of Karnataka,Atalji Janasnehi Directorate  GOK,Karnataka,Belagavi,Chikodi,591237,M,4,0,1,0,1
Atalji Janasnehi Directorate  Government of Karnataka,Atalji Janasnehi Directorate  GOK,Karnataka,Belagavi,Chikodi,591239,F,13,0,1,0,1
Atalji Janasnehi Directorate  Government of Karnataka,Atalji Janasnehi Directorate  GOK,Karnataka,Belagavi,Chikodi,591241,F,5,1,0,0,1
Atalji Janasnehi Directorate  Government of Karnataka,Atalji Janasnehi Directorate  GOK,Karnataka,Belagavi,Gokak,591224,M,5,1,0,0,1
Atalji Janasnehi Directorate  Government of Karnataka,Atalji Janasnehi Directorate  GOK,Karnataka,Belagavi,Gokak,591224,M,7,1,0,0,1
Atalji Janasnehi Directorate  Government of Karnataka,Atalji Janasnehi Directorate  GOK,Karnataka,Belagavi,Gokak,591227,F,16,0,1,0,0
Atalji Janasnehi Directorate  Government of Karnataka,Atalji Janasnehi Directorate  GOK,Karnataka,Belagavi,Gokak,591227,F,18,0,1,0,1
Atalji Janasnehi Directorate  Government of Karnataka,Atalji Janasnehi Directorate  GOK,Karnataka,Belagavi,Gokak,591227,F,40,0,1,0,0
Atalji Janasnehi Directorate  Government of Karnataka,Atalji Janasnehi Directorate  GOK,Karnataka,Belagavi,Gokak,591227,F,45,0,1,0,1
Atalji Janasnehi Directorate  Government of Karnataka,Atalji Janasnehi Directorate  GOK,Karnataka,Belagavi,Gokak,591227,F,65,0,1,0,0
Atalji Janasnehi Directorate  Government of Karnataka,Atalji Janasnehi Directorate  GOK,Karnataka,Belagavi,Gokak,591227,M,22,1,0,0,1
Atalji Janasnehi Directorate  Government of Karnataka,Atalji Janasnehi Directorate  GOK,Karnataka,Belagavi,Gokak,591227,M,38,0,1,0,1
Atalji Janasnehi Directorate  Government of Karnataka,Atalji Janasnehi Directorate  GOK,Karnataka,Belagavi,Gokak,591227,M,62,0,1,0,0
Atalji Janasnehi Directorate  Government of Karnataka,Atalji Janasnehi Directorate  GOK,Karnataka,Belagavi,Gokak,591233,M,34,0,1,0,0
Atalji Janasnehi Directorate  Government of Karnataka,Atalji Janasnehi Directorate  GOK,Karnataka,Belagavi,Gokak,591307,F,28,1,0,0,1
Atalji Janasnehi Directorate  Government of Karnataka,Atalji Janasnehi Directorate  GOK,Karnataka,Belagavi,Hukkeri,590003,F,65,0,1,0,1
Atalji Janasnehi Directorate  Government of Karnataka,Atalji Janasnehi Directorate  GOK,Karnataka,Belagavi,Hukkeri,591107,F,21,1,0,0,1
Atalji Janasnehi Directorate  Government of Karnataka,Atalji Janasnehi Directorate  GOK,Karnataka,Belagavi,Hukkeri,591236,F,2,1,0,0,1
Atalji Janasnehi Directorate  Government of Karnataka,Atalji Janasnehi Directorate  GOK,Karnataka,Belagavi,Hukkeri,591301,M,51,0,1,1,1
Atalji Janasnehi Directorate  Government of Karnataka,Atalji Janasnehi Directorate  GOK,Karnataka,Belagavi,Hukkeri,591305,F,72,1,0,0,1
Atalji Janasnehi Directorate  Government of Karnataka,Atalji Janasnehi Directorate  GOK,Karnataka,Belagavi,Hukkeri,591309,M,7,0,1,0,1
Atalji Janasnehi Directorate  Government of Karnataka,Atalji Janasnehi Directorate  GOK,Karnataka,Belagavi,Hukkeri,591313,F,4,1,0,0,1
Atalji Janasnehi Directorate  Government of Karnataka,Atalji Janasnehi Directorate  GOK,Karnataka,Belagavi,Hukkeri,591313,F,5,1,0,0,1
Atalji Janasnehi Directorate  Government of Karnataka,Atalji Janasnehi Directorate  GOK,Karnataka,Belagavi,Hukkeri,591313,F,6,0,1,0,1
Atalji Janasnehi Directorate  Government of Karnataka,Atalji Janasnehi Directorate  GOK,Karnataka,Belagavi,Hukkeri,591313,F,21,1,0,0,1
Atalji Janasnehi Directorate  Government of Karnataka,Atalji Janasnehi Directorate  GOK,Karnataka,Belagavi,Hukkeri,591313,M,1,0,1,0,1
Atalji Janasnehi Directorate  Government of Karnataka,Atalji Janasnehi Directorate  GOK,Karnataka,Belagavi,Hukkeri,591313,M,5,1,0,0,1
Atalji Janasnehi Directorate  Government of Karnataka,Atalji Janasnehi Directorate  GOK,Karnataka,Belagavi,Hukkeri,591340,F,39,1,0,0,1
Atalji Janasnehi Directorate  Government of Karnataka,Atalji Janasnehi Directorate  GOK,Karnataka,Belagavi,Hukkeri,591340,M,21,0,1,0,1
Atalji Janasnehi Directorate  Government of Karnataka,Atalji Janasnehi Directorate  GOK,Karnataka,Belagavi,Khanapur,590014,F,80,1,0,0,1
Atalji Janasnehi Directorate  Government of Karnataka,Atalji Janasnehi Directorate  GOK,Karnataka,Belagavi,Khanapur,591106,F,5,0,1,0,1
Atalji Janasnehi Directorate  Government of Karnataka,Atalji Janasnehi Directorate  GOK,Karnataka,Belagavi,Khanapur,591106,F,6,0,1,0,1
Atalji Janasnehi Directorate  Government of Karnataka,Atalji Janasnehi Directorate  GOK,Karnataka,Belagavi,Khanapur,591112,F,0,1,0,0,1
Atalji Janasnehi Directorate  Government of Karnataka,Atalji Janasnehi Directorate  GOK,Karnataka,Belagavi,Khanapur,591112,F,1,1,0,0,1
Atalji Janasnehi Directorate  Government of Karnataka,Atalji Janasnehi Directorate  GOK,Karnataka,Belagavi,Khanapur,591112,F,3,0,1,1,1
Atalji Janasnehi Directorate  Government of Karnataka,Atalji Janasnehi Directorate  GOK,Karnataka,Belagavi,Khanapur,591112,M,4,0,1,0,1
Atalji Janasnehi Directorate  Government of Karnataka,Atalji Janasnehi Directorate  GOK,Karnataka,Belagavi,Khanapur,591112,M,45,0,1,0,1
Atalji Janasnehi Directorate  Government of Karnataka,Atalji Janasnehi Directorate  GOK,Karnataka,Belagavi,Khanapur,591120,F,22,0,1,0,1
Atalji Janasnehi Directorate  Government of Karnataka,Atalji Janasnehi Directorate  GOK,Karnataka,Belagavi,Khanapur,591120,F,65,0,1,0,1
Atalji Janasnehi Directorate  Government of Karnataka,Atalji Janasnehi Directorate  GOK,Karnataka,Belagavi,Khanapur,591120,M,27,0,1,0,1
Atalji Janasnehi Directorate  Government of Karnataka,Atalji Janasnehi Directorate  GOK,Karnataka,Belagavi,Khanapur,591131,M,5,0,1,0,1
Atalji Janasnehi Directorate  Government of Karnataka,Atalji Janasnehi Directorate  GOK,Karnataka,Belagavi,Khanapur,591302,F,0,1,1,0,2
Atalji Janasnehi Directorate  Government of Karnataka,Atalji Janasnehi Directorate  GOK,Karnataka,Belagavi,Khanapur,591302,F,4,1,0,0,1
Atalji Janasnehi Directorate  Government of Karnataka,Atalji Janasnehi Directorate  GOK,Karnataka,Belagavi,Khanapur,591302,F,32,0,1,0,1
Atalji Janasnehi Directorate  Government of Karnataka,Atalji Janasnehi Directorate  GOK,Karnataka,Belagavi,Khanapur,591302,M,6,0,1,0,1
Atalji Janasnehi Directorate  Government of Karnataka,Atalji Janasnehi Directorate  GOK,Karnataka,Belagavi,Khanapur,591302,M,25,0,1,0,1
Atalji Janasnehi Directorate  Government of Karnataka,Atalji Janasnehi Directorate  GOK,Karnataka,Belagavi,Khanapur,591302,M,27,0,1,0,1
Atalji Janasnehi Directorate  Government of Karnataka,Atalji Janasnehi Directorate  GOK,Karnataka,Belagavi,Khanapur,591302,M,37,0,1,0,1
Atalji Janasnehi Directorate  Government of Karnataka,Atalji Janasnehi Directorate  GOK,Karnataka,Belagavi,Parasgad,591102,M,21,1,0,0,1
Atalji Janasnehi Directorate  Government of Karnataka,Atalji Janasnehi Directorate  GOK,Karnataka,Belagavi,Parasgad,591110,F,0,1,0,0,1
Atalji Janasnehi Directorate  Government of Karnataka,Atalji Janasnehi Directorate  GOK,Karnataka,Belagavi,Parasgad,591111,M,48,1,0,0,1
Atalji Janasnehi Directorate  Government of Karnataka,Atalji Janasnehi Directorate  GOK,Karnataka,Belagavi,Parasgad,591117,F,11,0,1,0,1
Atalji Janasnehi Directorate  Government of Karnataka,Atalji Janasnehi Directorate  GOK,Karnataka,Belagavi,Parasgad,591117,F,25,0,1,0,1
Atalji Janasnehi Directorate  Government of Karnataka,Atalji Janasnehi Directorate  GOK,Karnataka,Belagavi,Parasgad,591119,F,0,1,0,0,1
Atalji Janasnehi Directorate  Government of Karnataka,Atalji Janasnehi Directorate  GOK,Karnataka,Belagavi,Parasgad,591119,F,5,1,0,0,1
Atalji Janasnehi Directorate  Government of Karnataka,Atalji Janasnehi Directorate  GOK,Karnataka,Belagavi,Parasgad,591119,F,80,1,0,0,1
Atalji Janasnehi Directorate  Government of Karnataka,Atalji Janasnehi Directorate  GOK,Karnataka,Belagavi,Parasgad,591119,M,1,1,0,0,1
Atalji Janasnehi Directorate  Government of Karnataka,Atalji Janasnehi Directorate  GOK,Karnataka,Belagavi,Parasgad,591119,M,73,1,0,0,1
Atalji Janasnehi Directorate  Government of Karnataka,Atalji Janasnehi Directorate  GOK,Karnataka,Belagavi,Parasgad,591119,M,77,1,0,0,1
Atalji Janasnehi Directorate  Government of Karnataka,Atalji Janasnehi Directorate  GOK,Karnataka,Belagavi,Parasgad,591126,F,28,1,0,0,1
Atalji Janasnehi Directorate  Government of Karnataka,Atalji Janasnehi Directorate  GOK,Karnataka,Belagavi,Parasgad,591126,F,70,1,0,0,1
Atalji Janasnehi Directorate  Government of Karnataka,Atalji Janasnehi Directorate  GOK,Karnataka,Belagavi,Parasgad,591126,M,1,0,1,0,1
Atalji Janasnehi Directorate  Government of Karnataka,Atalji Janasnehi Directorate  GOK,Karnataka,Belagavi,Parasgad,591126,M,2,1,0,0,1
Atalji Janasnehi Directorate  Government of Karnataka,Atalji Janasnehi Directorate  GOK,Karnataka,Belagavi,Parasgad,591126,M,3,0,1,0,1
Atalji Janasnehi Directorate  Government of Karnataka,Atalji Janasnehi Directorate  GOK,Karnataka,Belagavi,Parasgad,591126,M,5,1,0,0,1
Atalji Janasnehi Directorate  Government of Karnataka,Atalji Janasnehi Directorate  GOK,Karnataka,Belagavi,Parasgad,591126,M,6,2,0,0,2
Atalji Janasnehi Directorate  Government of Karnataka,Atalji Janasnehi Directorate  GOK,Karnataka,Belagavi,Parasgad,591126,M,20,1,0,0,1
Atalji Janasnehi Directorate  Government of Karnataka,Atalji Janasnehi Directorate  GOK,Karnataka,Belagavi,Parasgad,591126,M,55,1,0,0,1
Atalji Janasnehi Directorate  Government of Karnataka,Atalji Janasnehi Directorate  GOK,Karnataka,Belagavi,Parasgad,591126,M,60,0,1,0,1
Atalji Janasnehi Directorate  Government of Karnataka,Atalji Janasnehi Directorate  GOK,Karnataka,Belagavi,Parasgad,591126,M,67,1,0,0,1
Atalji Janasnehi Directorate  Government of Karnataka,Atalji Janasnehi Directorate  GOK,Karnataka,Belagavi,Parasgad,591129,F,25,1,0,0,1
Atalji Janasnehi Directorate  Government of Karnataka,Atalji Janasnehi Directorate  GOK,Karnataka,Belagavi,Parasgad,591129,M,5,1,1,0,2
Atalji Janasnehi Directorate  Government of Karnataka,Atalji Janasnehi Directorate  GOK,Karnataka,Belagavi,Parasgad,591129,M,6,1,0,0,1
Atalji Janasnehi Directorate  Government of Karnataka,Atalji Janasnehi Directorate  GOK,Karnataka,Belagavi,Parasgad,591129,M,48,1,0,0,1
Atalji Janasnehi Directorate  Government of Karnataka,Atalji Janasnehi Directorate  GOK,Karnataka,Belagavi,Ramdurg,591114,F,1,1,0,0,1
Atalji Janasnehi Directorate  Government of Karnataka,Atalji Janasnehi Directorate  GOK,Karnataka,Belagavi,Ramdurg,591114,F,2,2,0,0,2
Atalji Janasnehi Directorate  Government of Karnataka,Atalji Janasnehi Directorate  GOK,Karnataka,Belagavi,Ramdurg,591114,F,4,2,0,0,2
Atalji Janasnehi Directorate  Government of Karnataka,Atalji Janasnehi Directorate  GOK,Karnataka,Belagavi,Ramdurg,591114,F,14,1,0,0,1
Atalji Janasnehi Directorate  Government of Karnataka,Atalji Janasnehi Directorate  GOK,Karnataka,Belagavi,Ramdurg,591114,F,37,0,1,0,1
Bank Of India,SREI INFRASTRUCTURE FINANCES L,Bihar,Muzaffarpur,Baruraj (motipur),843111,M,50,1,0,0,1
Bank Of India,SREI INFRASTRUCTURE FINANCES L,Bihar,Muzaffarpur,Baruraj (motipur),843111,M,75,1,0,0,1
Bank Of India,SREI INFRASTRUCTURE FINANCES L,Bihar,Muzaffarpur,Baruraj (motipur),843122,F,2,0,1,0,1
Bank Of India,SREI INFRASTRUCTURE FINANCES L,Bihar,Muzaffarpur,Baruraj (motipur),843124,M,5,1,0,0,0
Bank Of India,SREI INFRASTRUCTURE FINANCES L,Bihar,Muzaffarpur,Baruraj (motipur),843124,M,6,1,0,0,0
Bank Of India,SREI INFRASTRUCTURE FINANCES L,Bihar,Muzaffarpur,Baruraj (motipur),843124,M,23,1,0,0,1
Bank Of India,SREI INFRASTRUCTURE FINANCES L,Bihar,Muzaffarpur,Bochaha,843118,F,18,1,0,0,1
Bank Of India,SREI INFRASTRUCTURE FINANCES L,Bihar,Muzaffarpur,Bochaha,843129,M,40,1,0,0,1
Bank Of India,SREI INFRASTRUCTURE FINANCES L,Bihar,Muzaffarpur,Dholi (moraul),843119,M,29,1,0,0,1
Bank Of India,SREI INFRASTRUCTURE FINANCES L,Bihar,Muzaffarpur,Dholi (moraul),843121,M,1,1,0,0,1
Bank Of India,SREI INFRASTRUCTURE FINANCES L,Bihar,Muzaffarpur,Dholi (moraul),843121,M,5,1,0,0,0
Bank Of India,SREI INFRASTRUCTURE FINANCES L,Bihar,Muzaffarpur,Gaighat,843118,M,2,1,0,0,1
Bank Of India,SREI INFRASTRUCTURE FINANCES L,Bihar,Muzaffarpur,Gaighat,843118,M,3,1,0,0,0
Bank Of India,SREI INFRASTRUCTURE FINANCES L,Bihar,Muzaffarpur,Gaighat,843118,M,4,1,0,0,1
Bank Of India,SREI INFRASTRUCTURE FINANCES L,Bihar,Muzaffarpur,Gaighat,843118,M,6,1,0,0,1
Bank Of India,SREI INFRASTRUCTURE FINANCES L,Bihar,Muzaffarpur,Gaighat,843118,M,8,1,0,0,1
Bank Of India,SREI INFRASTRUCTURE FINANCES L,Bihar,Muzaffarpur,Gaighat,843118,M,9,2,0,0,0
Bank Of India,SREI INFRASTRUCTURE FINANCES L,Bihar,Muzaffarpur,Gaighat,843118,M,10,1,0,0,0
Bank Of India,SREI INFRASTRUCTURE FINANCES L,Bihar,Muzaffarpur,Gaighat,843118,M,11,1,0,0,0
Bank Of India,SREI INFRASTRUCTURE FINANCES L,Bihar,Muzaffarpur,Gaighat,843118,M,17,1,0,0,1
Bank Of India,SREI INFRASTRUCTURE FINANCES L,Bihar,Muzaffarpur,Gaighat,843321,M,12,1,0,0,1
Bank Of India,SREI INFRASTRUCTURE FINANCES L,Bihar,Muzaffarpur,Gaighat,847107,F,11,1,0,0,0
Bank Of India,SREI INFRASTRUCTURE FINANCES L,Bihar,Muzaffarpur,Kanti,843108,F,3,1,0,0,0
Bank Of India,SREI INFRASTRUCTURE FINANCES L,Bihar,Muzaffarpur,Kanti,843108,F,54,1,0,0,1
Bank Of India,SREI INFRASTRUCTURE FINANCES L,Bihar,Muzaffarpur,Kanti,843108,M,35,1,0,0,1
Bank Of India,SREI INFRASTRUCTURE FINANCES L,Bihar,Muzaffarpur,Kanti,843108,M,70,1,0,0,1
Bank Of India,SREI INFRASTRUCTURE FINANCES L,Bihar,Muzaffarpur,Kanti,843109,F,20,1,0,0,1
Bank Of India,SREI INFRASTRUCTURE FINANCES L,Bihar,Muzaffarpur,Kanti,843109,M,11,1,0,0,0
Bank Of India,SREI INFRASTRUCTURE FINANCES L,Bihar,Muzaffarpur,Kanti,843109,M,20,1,0,0,1
Bank Of India,SREI INFRASTRUCTURE FINANCES L,Bihar,Muzaffarpur,Kanti,843109,M,26,1,0,0,1
Bank Of India,SREI INFRASTRUCTURE FINANCES L,Bihar,Muzaffarpur,Kanti,843109,M,40,1,0,0,1
Bank Of India,SREI INFRASTRUCTURE FINANCES L,Bihar,Muzaffarpur,Katra,843321,M,3,1,0,0,0
Bank Of India,SREI INFRASTRUCTURE FINANCES L,Bihar,Muzaffarpur,Katra,843321,M,10,1,0,0,1
Bank Of India,SREI INFRASTRUCTURE FINANCES L,Bihar,Muzaffarpur,Katra,843360,M,0,0,1,0,1
Bank Of India,SREI INFRASTRUCTURE FINANCES L,Bihar,Muzaffarpur,Kurhani,842002,M,12,1,0,0,0
Bank Of India,SREI INFRASTRUCTURE FINANCES L,Bihar,Muzaffarpur,Kurhani,843119,M,22,1,0,0,1
Bank Of India,SREI INFRASTRUCTURE FINANCES L,Bihar,Muzaffarpur,Kurhani,844120,F,7,1,0,0,1
Bank Of India,SREI INFRASTRUCTURE FINANCES L,Bihar,Muzaffarpur,Kurhani,844120,F,9,1,0,0,1
Bank Of India,SREI INFRASTRUCTURE FINANCES L,Bihar,Muzaffarpur,Kurhani,844120,M,8,1,0,0,0
Bank Of India,SREI INFRASTRUCTURE FINANCES L,Bihar,Muzaffarpur,Kurhani,844120,M,21,1,0,0,1
Bank Of India,SREI INFRASTRUCTURE FINANCES L,Bihar,Muzaffarpur,Kurhani,844120,M,31,1,0,0,0
Bank Of India,SREI INFRASTRUCTURE FINANCES L,Bihar,Muzaffarpur,Kurhani,844120,M,40,1,0,0,1
Bank Of India,SREI INFRASTRUCTURE FINANCES L,Bihar,Muzaffarpur,Kurhani,844120,M,77,1,0,0,1
Bank Of India,SREI INFRASTRUCTURE FINANCES L,Bihar,Muzaffarpur,Kurhani,844127,F,18,1,0,0,1
Bank Of India,SREI INFRASTRUCTURE FINANCES L,Bihar,Muzaffarpur,Kurhani,844127,M,7,1,0,0,1
Bank Of India,SREI INFRASTRUCTURE FINANCES L,Bihar,Muzaffarpur,Kurhani,844127,M,8,2,0,0,2
Bank Of India,SREI INFRASTRUCTURE FINANCES L,Bihar,Muzaffarpur,Kurhani,844127,M,9,1,0,0,1
Bank Of India,SREI INFRASTRUCTURE FINANCES L,Bihar,Muzaffarpur,Marwan,843113,M,5,1,0,0,1
Bank Of India,SREI INFRASTRUCTURE FINANCES L,Bihar,Muzaffarpur,Minapur,843117,F,10,1,0,0,1
Bank Of India,SREI INFRASTRUCTURE FINANCES L,Bihar,Muzaffarpur,Minapur,843117,M,12,1,0,0,0
Bank Of India,SREI INFRASTRUCTURE FINANCES L,Bihar,Muzaffarpur,Minapur,843117,M,33,0,1,0,0
Bank Of India,SREI INFRASTRUCTURE FINANCES L,Bihar,Muzaffarpur,Minapur,843117,M,38,1,0,0,1
Bank Of India,SREI INFRASTRUCTURE FINANCES L,Bihar,Muzaffarpur,Minapur,843128,F,22,1,0,1,1
Bank Of India,SREI INFRASTRUCTURE FINANCES L,Bihar,Muzaffarpur,Minapur,843128,F,24,1,0,0,1
Bank Of India,SREI INFRASTRUCTURE FINANCES L,Bihar,Muzaffarpur,Minapur,843128,F,27,1,0,0,1
Bank Of India,SREI INFRASTRUCTURE FINANCES L,Bihar,Muzaffarpur,Minapur,843128,F,73,1,0,0,0
Bank Of India,SREI INFRASTRUCTURE FINANCES L,Bihar,Muzaffarpur,Minapur,843128,M,2,1,0,0,0
Bank Of India,SREI INFRASTRUCTURE FINANCES L,Bihar,Muzaffarpur,Minapur,843128,M,5,2,0,0,2
Bank Of India,SREI INFRASTRUCTURE FINANCES L,Bihar,Muzaffarpur,Minapur,843128,M,6,2,0,0,0
Bank Of India,SREI INFRASTRUCTURE FINANCES L,Bihar,Muzaffarpur,Minapur,843128,M,7,2,0,0,0
Bank Of India,SREI INFRASTRUCTURE FINANCES L,Bihar,Muzaffarpur,Minapur,843128,M,8,1,0,0,0
Bank Of India,SREI INFRASTRUCTURE FINANCES L,Bihar,Muzaffarpur,Minapur,843128,M,19,1,0,0,0
Bank Of India,SREI INFRASTRUCTURE FINANCES L,Bihar,Muzaffarpur,Minapur,843128,M,23,1,0,0,1
Bank Of India,SREI INFRASTRUCTURE FINANCES L,Bihar,Muzaffarpur,Minapur,843128,M,65,1,0,0,0
Bank Of India,SREI INFRASTRUCTURE FINANCES L,Bihar,Muzaffarpur,Minapur,843165,M,5,1,0,0,1
Bank Of India,SREI INFRASTRUCTURE FINANCES L,Bihar,Muzaffarpur,Musahri,842001,F,0,1,0,0,1
Bank Of India,SREI INFRASTRUCTURE FINANCES L,Bihar,Muzaffarpur,Musahri,842001,F,3,1,0,0,1
Bank Of India,SREI INFRASTRUCTURE FINANCES L,Bihar,Muzaffarpur,Musahri,842001,F,4,1,0,0,1
Bank Of India,SREI INFRASTRUCTURE FINANCES L,Bihar,Muzaffarpur,Musahri,842001,F,6,1,0,0,1
Bank Of India,SREI INFRASTRUCTURE FINANCES L,Bihar,Muzaffarpur,Musahri,842001,F,9,1,0,0,1
Bank Of India,SREI INFRASTRUCTURE FINANCES L,Bihar,Muzaffarpur,Musahri,842001,F,10,1,0,0,1
Bank Of India,SREI INFRASTRUCTURE FINANCES L,Bihar,Muzaffarpur,Musahri,842001,F,14,1,0,0,1
Bank Of India,SREI INFRASTRUCTURE FINANCES L,Bihar,Muzaffarpur,Musahri,842001,F,20,1,0,0,1
Bank Of India,SREI INFRASTRUCTURE FINANCES L,Bihar,Muzaffarpur,Musahri,842001,F,21,1,0,0,1
Bank Of India,SREI INFRASTRUCTURE FINANCES L,Bihar,Muzaffarpur,Musahri,842001,F,24,1,0,0,1
Bank Of India,SREI INFRASTRUCTURE FINANCES L,Bihar,Muzaffarpur,Musahri,842001,F,29,1,0,0,1
Bank Of India,SREI INFRASTRUCTURE FINANCES L,Bihar,Muzaffarpur,Musahri,842001,F,40,1,0,0,1
Bank Of India,SREI INFRASTRUCTURE FINANCES L,Bihar,Muzaffarpur,Musahri,842001,F,75,1,0,0,1
Bank Of India,SREI INFRASTRUCTURE FINANCES L,Bihar,Muzaffarpur,Musahri,842001,M,3,1,0,0,1
Bank Of India,SREI INFRASTRUCTURE FINANCES L,Bihar,Muzaffarpur,Musahri,842001,M,4,2,0,1,2
Bank Of India,SREI INFRASTRUCTURE FINANCES L,Bihar,Muzaffarpur,Musahri,842001,M,5,1,0,0,1
Bank Of India,SREI INFRASTRUCTURE FINANCES L,Bihar,Muzaffarpur,Musahri,842001,M,6,1,0,0,1
Bank Of India,SREI INFRASTRUCTURE FINANCES L,Bihar,Muzaffarpur,Musahri,842001,M,8,3,0,1,3
Bank Of India,SREI INFRASTRUCTURE FINANCES L,Bihar,Muzaffarpur,Musahri,842001,M,12,1,0,0,1
Bank Of India,SREI INFRASTRUCTURE FINANCES L,Bihar,Muzaffarpur,Musahri,842001,M,23,1,0,0,1
Bank Of India,SREI INFRASTRUCTURE FINANCES L,Bihar,Muzaffarpur,Musahri,842001,M,28,1,0,0,1
Bank Of India,SREI INFRASTRUCTURE FINANCES L,Bihar,Muzaffarpur,Musahri,842001,M,30,1,0,0,1
Bank Of India,SREI INFRASTRUCTURE FINANCES L,Bihar,Muzaffarpur,Musahri,842001,M,44,1,0,0,1
CSC e-Governance Services India Limited,CSC SPV,Tamil Nadu,Villupuram,Kallakkurichi,606201,F,5,1,0,0,1
CSC e-Governance Services India Limited,CSC SPV,Tamil Nadu,Villupuram,Kallakkurichi,606202,F,5,2,0,0,2
CSC e-Governance Services India Limited,CSC SPV,Tamil Nadu,Villupuram,Kallakkurichi,606202,M,4,1,0,0,1
CSC e-Governance Services India Limited,CSC SPV,Tamil Nadu,Villupuram,Kallakkurichi,606202,M,37,1,0,0,1
CSC e-Governance Services India Limited,CSC SPV,Tamil Nadu,Villupuram,Kallakkurichi,606202,M,48,1,0,0,1
CSC e-Governance Services India Limited,CSC SPV,Tamil Nadu,Villupuram,Kallakkurichi,606203,F,5,1,0,0,1
CSC e-Governance Services India Limited,CSC SPV,Tamil Nadu,Villupuram,Kallakkurichi,606203,F,24,1,0,0,1
CSC e-Governance Services India Limited,CSC SPV,Tamil Nadu,Villupuram,Kallakkurichi,606203,M,22,1,0,0,1
CSC e-Governance Services India Limited,CSC SPV,Tamil Nadu,Villupuram,Kallakkurichi,606204,F,1,1,0,0,1
CSC e-Governance Services India Limited,CSC SPV,Tamil Nadu,Villupuram,Kallakkurichi,606204,F,3,1,0,0,1
CSC e-Governance Services India Limited,CSC SPV,Tamil Nadu,Villupuram,Kallakkurichi,606204,F,5,2,0,0,2
CSC e-Governance Services India Limited,CSC SPV,Tamil Nadu,Villupuram,Kallakkurichi,606204,M,5,1,0,0,1
CSC e-Governance Services India Limited,CSC SPV,Tamil Nadu,Villupuram,Kallakkurichi,606206,M,4,1,0,0,1
CSC e-Governance Services India Limited,CSC SPV,Tamil Nadu,Villupuram,Kallakkurichi,606206,M,6,1,0,0,1
CSC e-Governance Services India Limited,CSC SPV,Tamil Nadu,Villupuram,Kallakkurichi,606206,M,7,1,0,0,1
CSC e-Governance Services India Limited,CSC SPV,Tamil Nadu,Villupuram,Kallakkurichi,606206,M,8,1,0,0,1
CSC e-Governance Services India Limited,CSC SPV,Tamil Nadu,Villupuram,Kallakkurichi,606206,M,18,1,0,0,1
CSC e-Governance Services India Limited,CSC SPV,Tamil Nadu,Villupuram,Kallakkurichi,606206,M,34,1,0,0,1
CSC e-Governance Services India Limited,CSC SPV,Tamil Nadu,Villupuram,Kallakkurichi,606206,M,36,0,1,0,1
CSC e-Governance Services India Limited,CSC SPV,Tamil Nadu,Villupuram,Kallakkurichi,606206,M,92,1,0,0,1
CSC e-Governance Services India Limited,CSC SPV,Tamil Nadu,Villupuram,Kallakkurichi,606207,M,5,1,0,0,1
CSC e-Governance Services India Limited,CSC SPV,Tamil Nadu,Villupuram,Kallakkurichi,606207,M,56,1,0,0,1
CSC e-Governance Services India Limited,CSC SPV,Tamil Nadu,Villupuram,Kallakkurichi,606213,F,5,1,0,0,1
CSC e-Governance Services India Limited,CSC SPV,Tamil Nadu,Villupuram,Kallakkurichi,606213,F,6,1,0,0,0
CSC e-Governance Services India Limited,CSC SPV,Tamil Nadu,Villupuram,Kallakkurichi,606213,M,4,1,0,0,1
CSC e-Governance Services India Limited,CSC SPV,Tamil Nadu,Villupuram,Kallakkurichi,606213,M,5,2,0,0,2
CSC e-Governance Services India Limited,CSC SPV,Tamil Nadu,Villupuram,Sankarapuram,605702,F,5,1,0,0,0
DENA BANK,Zephyr System Pvt.Ltd.,Delhi,North East Delhi,Seelam Pur,110094,M,0,1,0,0,1
DENA BANK,Zephyr System Pvt.Ltd.,Delhi,North East Delhi,Seelam Pur,110094,M,1,1,0,0,1
DENA BANK,Zephyr System Pvt.Ltd.,Delhi,North East Delhi,Seelam Pur,110094,M,13,1,0,0,1
DENA BANK,Zephyr System Pvt.Ltd.,Delhi,North East Delhi,Seelam Pur,110094,M,19,1,0,0,1
DENA BANK,Zephyr System Pvt.Ltd.,Delhi,North East Delhi,Seelam Pur,110094,M,53,1,0,0,1
DENA BANK,Zephyr System Pvt.Ltd.,Delhi,North East Delhi,Seelam Pur,110094,M,56,1,0,0,1
DENA BANK,Zephyr System Pvt.Ltd.,Delhi,North East Delhi,Seema Puri,110093,F,41,1,0,0,1
DENA BANK,Zephyr System Pvt.Ltd.,Delhi,North East Delhi,Seema Puri,110093,M,6,2,0,0,2
DENA BANK,Zephyr System Pvt.Ltd.,Delhi,North East Delhi,Seema Puri,110093,M,7,1,0,0,1
DENA BANK,Zephyr System Pvt.Ltd.,Delhi,North East Delhi,Shahdara,110093,M,6,1,0,0,1
DENA BANK,Zephyr System Pvt.Ltd.,Jharkhand,Palamu,Chainpur,822110,F,0,1,0,0,0
DENA BANK,Zephyr System Pvt.Ltd.,Jharkhand,Palamu,Chainpur,822110,F,4,1,0,0,1
DENA BANK,Zephyr System Pvt.Ltd.,Jharkhand,Palamu,Chainpur,822110,F,6,1,0,0,0
DENA BANK,Zephyr System Pvt.Ltd.,Jharkhand,Palamu,Chainpur,822110,F,9,1,0,0,1
DENA BANK,Zephyr System Pvt.Ltd.,Jharkhand,Palamu,Chainpur,822110,M,0,1,0,0,1
DENA BANK,Zephyr System Pvt.Ltd.,Jharkhand,Palamu,Chainpur,822110,M,2,1,0,0,1
DENA BANK,Zephyr System Pvt.Ltd.,Jharkhand,Palamu,Chainpur,822110,M,3,1,0,0,1
DENA BANK,Zephyr System Pvt.Ltd.,Jharkhand,Palamu,Chainpur,822110,M,25,1,0,0,0
DENA BANK,Zephyr System Pvt.Ltd.,Jharkhand,Palamu,Chhatarpur,822113,F,3,2,0,1,2
DENA BANK,Zephyr System Pvt.Ltd.,Jharkhand,Palamu,Chhatarpur,822113,F,4,2,0,0,1
DENA BANK,Zephyr System Pvt.Ltd.,Jharkhand,Palamu,Chhatarpur,822113,F,7,1,0,0,1
DENA BANK,Zephyr System Pvt.Ltd.,Jharkhand,Palamu,Chhatarpur,822113,F,10,1,0,0,1
DENA BANK,Zephyr System Pvt.Ltd.,Jharkhand,Palamu,Chhatarpur,822113,M,0,2,0,1,2
DENA BANK,Zephyr System Pvt.Ltd.,Jharkhand,Palamu,Chhatarpur,822113,M,1,1,0,1,1
DENA BANK,Zephyr System Pvt.Ltd.,Jharkhand,Palamu,Chhatarpur,822113,M,2,2,0,1,1
DENA BANK,Zephyr System Pvt.Ltd.,Jharkhand,Palamu,Chhatarpur,822113,M,3,2,0,1,2
DENA BANK,Zephyr System Pvt.Ltd.,Jharkhand,Palamu,Chhatarpur,822113,M,20,1,0,0,1
DENA BANK,Zephyr System Pvt.Ltd.,Jharkhand,Palamu,Daltonganj,822101,F,2,1,0,0,1
DENA BANK,Zephyr System Pvt.Ltd.,Jharkhand,Palamu,Daltonganj,822132,F,72,1,0,0,1
DENA BANK,Zephyr System Pvt.Ltd.,Jharkhand,Palamu,Hariharganj,822113,M,3,0,1,0,1
DENA BANK,Zephyr System Pvt.Ltd.,Jharkhand,Palamu,Hariharganj,822113,M,4,1,1,0,1
DENA BANK,Zephyr System Pvt.Ltd.,Jharkhand,Palamu,Hariharganj,822113,M,20,1,0,0,1
DENA BANK,Zephyr System Pvt.Ltd.,Jharkhand,Palamu,Hariharganj,822113,M,22,1,0,1,1
DENA BANK,Zephyr System Pvt.Ltd.,Jharkhand,Palamu,Leslieganj,822118,M,4,1,0,0,1
DENA BANK,Zephyr System Pvt.Ltd.,Jharkhand,Palamu,Patan,822123,F,0,2,0,0,0

